date,temp_max_c,temp_min_c,temp_mean_c,precipitation_mm,wind_dir,humidity_max,humidity_min,evapotranspiration,latitude,longitude,wind_speed_ms,is_dry_day,consecutive_dry_days,temp_anomaly,fire_danger_score
2023-06-01,8.1,-0.3,4.5,2.8,224,100,37,2.02,64.815,-147.856,3.416666666666667,0,0,-13.108695652173912,0.26524309377100824
2023-06-02,9.1,2.4,5.3,5.9,230,100,42,1.85,64.815,-147.856,5.111111111111111,0,0,-12.108695652173912,0.33080430328514454
2023-06-03,15.8,3.3,9.7,1.0,177,90,34,2.96,64.815,-147.856,5.944444444444444,1,1,-5.408695652173911,0.48787607506353964
2023-06-04,16.1,6.8,11.1,0.2,246,87,42,2.46,64.815,-147.856,2.4166666666666665,1,2,-5.10869565217391,0.33925665792469867
2023-06-05,22.1,5.7,14.7,0.0,46,91,29,4.11,64.815,-147.856,2.611111111111111,1,3,0.8913043478260896,0.4767035388010079
2023-06-06,24.7,9.1,17.6,0.0,262,77,23,4.79,64.815,-147.856,3.2499999999999996,1,4,3.4913043478260875,0.5660931355675612
2023-06-07,24.3,9.9,17.7,0.0,219,73,28,4.67,64.815,-147.856,3.75,1,5,3.091304347826089,0.5774841862734372
2023-06-08,21.5,11.6,16.9,0.1,57,86,43,2.78,64.815,-147.856,3.1111111111111107,1,6,0.29130434782608816,0.48199242231153455
2023-06-09,19.9,11.8,16.0,0.0,231,77,35,3.79,64.815,-147.856,4.111111111111112,1,7,-1.3086956521739133,0.5364835020629967
2023-06-10,19.7,8.1,15.3,0.1,218,91,29,4.16,64.815,-147.856,3.1111111111111107,1,8,-1.5086956521739125,0.5238376235464716
2023-06-11,19.8,9.3,14.5,0.0,110,78,26,4.27,64.815,-147.856,4.472222222222222,1,9,-1.4086956521739111,0.600061765196162
2023-06-12,16.4,9.3,12.4,0.9,227,79,30,3.93,64.815,-147.856,4.833333333333333,1,10,-4.808695652173913,0.56945426984136
2023-06-13,17.2,7.1,11.7,0.6,223,74,26,3.97,64.815,-147.856,6.305555555555555,1,11,-4.0086956521739125,0.6623088272967718
2023-06-14,14.3,7.1,10.7,0.2,220,82,41,2.95,64.815,-147.856,4.166666666666667,1,12,-6.908695652173911,0.505832765693147
2023-06-15,20.2,6.1,13.7,0.2,54,94,20,4.31,64.815,-147.856,4.138888888888889,1,13,-1.0086956521739125,0.6571240781084061
2023-06-16,22.9,11.6,18.1,0.0,34,51,21,4.76,64.815,-147.856,4.027777777777778,1,14,1.6913043478260867,0.6969952102637591
2023-06-17,24.0,11.6,16.6,1.7,279,92,28,3.65,64.815,-147.856,4.472222222222222,1,15,2.791304347826088,0.7199131583192557
2023-06-18,20.5,9.9,15.4,0.0,250,95,28,3.98,64.815,-147.856,4.555555555555555,1,16,-0.7086956521739118,0.688940149756418
2023-06-19,20.0,9.3,15.1,0.0,292,76,31,3.07,64.815,-147.856,2.944444444444444,1,17,-1.2086956521739118,0.6210375106037285
2023-06-20,17.9,10.9,14.0,3.7,210,100,52,2.22,64.815,-147.856,2.611111111111111,0,0,-3.3086956521739133,0.31714626330421164
2023-06-21,22.0,10.3,16.5,0.8,199,97,39,3.65,64.815,-147.856,3.3888888888888884,1,1,0.7913043478260882,0.4527975640348362
2023-06-22,22.6,12.8,16.8,16.1,219,100,47,2.89,64.815,-147.856,3.8333333333333335,0,0,1.3913043478260896,0.4426071529739322
2023-06-23,23.3,13.6,18.1,7.1,180,100,43,3.54,64.815,-147.856,2.1944444444444446,0,0,2.091304347826089,0.39862430924960257
2023-06-24,25.3,14.6,19.1,1.4,119,92,34,3.86,64.815,-147.856,3.2777777777777777,1,1,4.091304347826089,0.5067987271533994
2023-06-25,23.6,14.2,18.9,0.3,172,91,30,4.63,64.815,-147.856,6.527777777777778,1,2,2.3913043478260896,0.6374767796846771
2023-06-26,19.8,12.5,16.4,0.0,217,79,39,3.63,64.815,-147.856,3.4722222222222223,1,3,-1.4086956521739111,0.45069452449782343
2023-06-27,21.9,10.8,16.7,0.0,188,87,28,4.31,64.815,-147.856,2.8055555555555554,1,4,0.6913043478260867,0.49657147234467625
2023-06-28,23.0,13.1,18.6,0.0,73,69,36,3.33,64.815,-147.856,2.5555555555555554,1,5,1.7913043478260882,0.4888651110628512
2023-06-29,17.2,13.1,14.7,13.2,199,100,65,1.88,64.815,-147.856,3.2777777777777777,0,0,-4.0086956521739125,0.29545507395629084
2023-06-30,19.6,10.8,15.6,0.0,232,94,44,3.55,64.815,-147.856,4.0,1,1,-1.6086956521739104,0.43052800889710874
2023-07-01,23.0,10.1,17.4,0.0,241,92,34,4.12,64.815,-147.856,2.111111111111111,1,2,1.7913043478260882,0.4418914354606676
2023-07-02,25.4,12.4,20.0,0.0,105,84,35,4.41,64.815,-147.856,3.1111111111111107,1,3,4.191304347826087,0.5220140941364142
2023-07-03,24.1,14.2,19.2,0.2,288,69,33,3.65,64.815,-147.856,3.8055555555555554,1,4,2.8913043478260896,0.5502978461987761
2023-07-04,20.1,13.3,16.5,0.0,222,69,26,4.89,64.815,-147.856,4.638888888888888,1,5,-1.1086956521739104,0.5635801443547105
2023-07-05,24.0,11.9,17.6,0.0,186,64,29,4.86,64.815,-147.856,4.805555555555555,1,6,2.791304347826088,0.6242904739222775
2023-07-06,25.1,12.9,18.9,0.0,314,71,39,3.07,64.815,-147.856,3.0555555555555554,1,7,3.8913043478260896,0.5509156044718372
2023-07-07,20.6,14.8,17.2,9.2,210,100,60,1.9,64.815,-147.856,2.9166666666666665,0,0,-0.6086956521739104,0.3408272751865252
2023-07-08,18.2,9.1,13.6,3.0,232,100,36,2.95,64.815,-147.856,5.777777777777778,0,0,-3.0086956521739125,0.4950604823017205
2023-07-09,23.9,9.4,16.8,0.0,201,80,34,4.14,64.815,-147.856,4.527777777777778,1,1,2.6913043478260867,0.538101431337079
2023-07-10,21.8,13.8,18.2,0.0,233,60,37,3.93,64.815,-147.856,4.972222222222221,1,2,0.5913043478260889,0.5309141162531482
2023-07-11,23.0,14.5,18.2,0.0,255,72,42,3.88,64.815,-147.856,4.027777777777778,1,3,1.7913043478260882,0.5058992351071083
2023-07-12,19.8,12.2,15.5,2.3,242,100,46,2.33,64.815,-147.856,3.083333333333333,0,0,-1.4086956521739111,0.3789307936426256
2023-07-13,22.4,9.1,17.0,0.0,184,93,32,3.79,64.815,-147.856,2.7222222222222223,1,1,1.1913043478260867,0.45254138496343566
2023-07-14,21.1,14.1,17.2,2.9,211,89,51,2.58,64.815,-147.856,5.027777777777778,0,0,-0.10869565217391042,0.45838412293751907
2023-07-15,17.7,12.6,14.6,5.4,163,100,59,1.64,64.815,-147.856,3.0555555555555554,0,0,-3.5086956521739125,0.31119424233388343
2023-07-16,20.3,12.2,16.3,1.5,99,100,49,2.06,64.815,-147.856,2.2777777777777777,1,1,-0.9086956521739111,0.3562302480523004
2023-07-17,24.2,11.2,18.3,0.2,317,100,40,3.94,64.815,-147.856,2.2777777777777777,1,2,2.9913043478260875,0.44631074337891025
2023-07-18,23.6,14.4,18.7,7.5,230,100,44,2.78,64.815,-147.856,2.5,0,0,2.3913043478260896,0.4117263737773455
2023-07-19,24.3,15.1,18.8,0.4,297,96,47,2.44,64.815,-147.856,2.6666666666666665,1,1,3.091304347826089,0.4303314402054851
2023-07-20,22.4,15.6,18.3,11.1,202,100,54,2.66,64.815,-147.856,2.5555555555555554,0,0,1.1913043478260867,0.3681468448470458
2023-07-21,25.7,13.1,20.0,0.0,200,85,34,4.09,64.815,-147.856,2.861111111111111,1,1,4.4913043478260875,0.49548729944343467
2023-07-22,28.5,14.2,22.1,0.0,3,73,29,4.5,64.815,-147.856,2.833333333333333,1,2,7.291304347826088,0.5579891381923734
2023-07-23,29.9,17.1,23.8,0.1,39,67,32,4.51,64.815,-147.856,2.833333333333333,1,3,8.691304347826087,0.5791748966913053
2023-07-24,30.9,17.8,23.5,0.4,329,93,32,3.9,64.815,-147.856,3.2499999999999996,1,4,9.691304347826087,0.620672082900202
2023-07-25,27.3,17.5,21.6,0.4,246,94,46,3.45,64.815,-147.856,3.611111111111111,1,5,6.091304347826089,0.5574330085991861
2023-07-26,27.9,16.4,21.9,0.4,188,98,44,3.41,64.815,-147.856,2.305555555555556,1,6,6.691304347826087,0.5311587497590962
2023-07-27,27.5,17.8,22.6,0.0,209,92,30,4.41,64.815,-147.856,3.222222222222222,1,7,6.291304347826088,0.6161243860673651
2023-07-28,27.4,15.9,21.8,0.0,177,93,36,4.15,64.815,-147.856,4.055555555555555,1,8,6.191304347826087,0.6417224736744767
2023-07-29,22.2,16.2,19.6,0.0,251,77,47,3.73,64.815,-147.856,4.194444444444445,1,9,0.9913043478260875,0.5575909888158039
2023-07-30,22.8,14.0,18.3,0.0,243,94,44,2.64,64.815,-147.856,2.7777777777777777,1,10,1.5913043478260889,0.5298968404817426
2023-07-31,25.1,13.5,19.9,0.0,315,92,39,2.84,64.815,-147.856,1.5,1,11,3.8913043478260896,0.5360959750579665
2023-08-01,24.8,13.6,19.8,0.0,273,90,35,3.76,64.815,-147.856,2.75,1,12,3.591304347826089,0.6056370693212569
2023-08-02,25.2,11.9,19.5,0.0,290,80,28,3.86,64.815,-147.856,2.9166666666666665,1,13,3.9913043478260875,0.6502947673300752
2023-08-03,25.8,12.6,20.1,0.0,268,84,31,2.88,64.815,-147.856,2.5277777777777777,1,14,4.591304347826089,0.6454845968152502
2023-08-04,26.2,15.4,21.1,0.0,173,83,36,3.01,64.815,-147.856,1.972222222222222,1,15,4.9913043478260875,0.6254130131132537
2023-08-05,28.1,14.4,21.6,0.0,160,88,25,3.97,64.815,-147.856,3.7222222222222223,1,16,6.89130434782609,0.7647909785077722
2023-08-06,26.5,14.2,20.8,0.0,97,72,32,3.13,64.815,-147.856,2.972222222222222,1,17,5.291304347826088,0.7046687987291833
2023-08-07,23.0,14.4,18.9,3.7,257,91,44,2.8,64.815,-147.856,2.5555555555555554,0,0,1.7913043478260882,0.40604158168568855
2023-08-08,23.0,13.1,17.4,0.2,346,96,44,2.25,64.815,-147.856,2.388888888888889,1,1,1.7913043478260882,0.4111764533201639
2023-08-09,21.7,14.0,17.5,7.0,13,97,62,2.31,64.815,-147.856,2.3333333333333335,0,0,0.49130434782608745,0.3260965395473531
2023-08-10,21.1,12.9,16.3,5.4,320,100,65,1.71,64.815,-147.856,1.9166666666666667,0,0,-0.10869565217391042,0.2926272171063174
2023-08-11,23.3,11.8,16.9,1.6,75,100,49,2.61,64.815,-147.856,3.222222222222222,1,1,2.091304347826089,0.43327299294427135
2023-08-12,22.2,12.4,16.9,0.4,81,93,39,2.9,64.815,-147.856,4.583333333333333,1,2,0.9913043478260875,0.5147076609166764
2023-08-13,21.5,10.9,16.3,0.1,231,89,38,2.97,64.815,-147.856,3.6666666666666665,1,3,0.29130434782608816,0.4837977521550944
2023-08-14,20.5,11.4,15.8,0.3,219,99,45,2.72,64.815,-147.856,2.4722222222222223,1,4,-0.7086956521739118,0.41389075123926233
2023-08-15,19.8,9.9,15.0,1.2,229,100,50,2.22,64.815,-147.856,3.0277777777777777,1,5,-1.4086956521739111,0.4235443782728025
2023-08-16,21.1,11.4,14.7,9.9,293,96,47,2.13,64.815,-147.856,3.3888888888888884,0,0,-0.10869565217391042,0.4051907529014396
2023-08-17,15.0,10.6,12.6,0.5,249,100,53,1.9,64.815,-147.856,5.444444444444445,1,1,-6.208695652173912,0.4004602565558111
2023-08-18,13.2,10.8,12.0,0.9,223,83,64,1.25,64.815,-147.856,4.833333333333333,1,2,-8.008695652173913,0.33123135969847234
2023-08-19,17.6,10.4,12.9,0.8,233,90,44,2.03,64.815,-147.856,5.916666666666667,1,3,-3.6086956521739104,0.5039847249568398
2023-08-20,11.0,8.4,10.0,11.0,217,100,71,0.48,64.815,-147.856,4.583333333333333,0,0,-10.208695652173912,0.24780982817781505
2023-08-21,12.5,10.1,11.0,6.5,227,100,90,0.59,64.815,-147.856,4.25,0,0,-8.708695652173912,0.19728700179250724
2023-08-22,15.1,10.8,12.5,1.7,195,97,70,1.1,64.815,-147.856,3.555555555555556,1,1,-6.108695652173912,0.27563792463140285
2023-08-23,17.9,10.4,13.4,2.7,202,100,64,1.35,64.815,-147.856,2.055555555555556,0,0,-3.3086956521739133,0.25904681583435424
2023-08-24,19.4,8.5,13.7,6.6,88,100,64,1.25,64.815,-147.856,2.7222222222222223,0,0,-1.8086956521739133,0.3053029948947898
2023-08-25,16.7,11.2,13.5,15.2,124,100,70,1.02,64.815,-147.856,2.0833333333333335,0,0,-4.5086956521739125,0.2263623145305618
2023-08-26,19.6,12.4,15.7,0.4,107,86,64,1.63,64.815,-147.856,3.3055555555555554,1,1,-1.6086956521739104,0.3429036995597869
2023-08-27,18.6,12.1,15.1,5.1,208,86,63,1.38,64.815,-147.856,4.138888888888889,0,0,-2.6086956521739104,0.35413027015806947
2023-08-28,12.9,8.9,10.9,1.3,296,92,57,1.19,64.815,-147.856,3.5277777777777777,1,1,-8.308695652173911,0.28458558384955357
2023-08-29,22.8,8.9,15.3,0.6,18,100,54,2.11,64.815,-147.856,3.4722222222222223,1,2,1.5913043478260889,0.43340350281560414
2023-08-30,15.4,10.1,12.3,2.4,227,100,72,0.67,64.815,-147.856,3.888888888888889,0,0,-5.8086956521739115,0.2750802556572061
2023-08-31,16.7,7.1,11.8,1.0,112,100,53,1.64,64.815,-147.856,5.416666666666667,1,1,-4.5086956521739125,0.4217237052251391
